{"cameraMode":{"drawMode":0,"name":"Shaded","section":"Shading Mode"},"sceneLighting":true,"audioPlay":false,"sceneViewState":{"showFog":true,"showMaterialUpdate":false,"showSkybox":true,"showFlares":true,"showImageEffects":true,"showParticleSystems":true,"showVisualEffectGraphs":true,"m_FxEnabled":true},"in2DMode":false,"pivot":{"x":-2.2104129791259767,"y":-2.687985420227051,"z":25.567157745361329},"rotation":{"x":-0.004495594650506973,"y":0.9899657368659973,"z":-0.13748985528945924,"w":-0.03236797824501991},"size":21.42913818359375,"orthographic":false}